plyrId,first,middle,last,nick,shortName
28317,Iván,Alexis,Pillud,,Iván Pillud
4298,Marcelo,Alfonso,Díaz Rojas,Marcelo Díaz,Marcelo Díaz
119431,Matías,Nicolás,Rojas Romero,,Matías Rojas
127048,Ezequiel,,Bonifacio,,Ezequiel Bonifacio
44918,Horacio,Gabriel,Carabajal,,Gabriel Carabajal
175369,Franco,,Troyansky,,Franco Troyansky
38018,Gabriel,,Arias Arroyo,Gabriel Arias,Gabriel Arias
89354,Nery,Andrés,Domínguez,,Nery Domínguez
37080,Leonardo,Germán,Sigali,,Leonardo Sigali
120431,Alexis,Nahuel,Soto,,Alexis Soto
107809,Walter,Iván,Alexis Montoya,,Walter Montoya
57684,Sebastián,Emanuel,Moyano,,Sebastián Moyano
31207,Damián,Alberto,Martínez,,Damián Martínez
169461,Brian,Gabriel,Blasi,,Brian Blasi
122008,Yeimar,Pastor,Gómez Andrade,,Yeimar Gómez Andrade
582,Jonathan,Pablo,Bottinelli,,Jonathan Bottinelli
45556,Claudio,Gastón,Corvalán,,Claudio Corvalán
158998,Jalil,Juan José,Elías,,Jalil Elías
15781,Óscar,Javier,Méndez Albornoz,,Javier Méndez
224060,Lucas,,Ríos,,Lucas Ríos
186086,Pablo,Maximiliano Nicolás,Cuadra,,Maximiliano Cuadra
66503,Augusto,Jorge,Mateo Solari,,Augusto Solari
17217,Jonatan,Ezequiel,Cristaldo,,Jonatan Cristaldo
186085,Federico,Matías,Zaracho,,Matías Zaracho
79019,Diego,Hernán,González,,Diego González
488,Lisandro,,López,,Lisandro López
101,Darío,,Cvitanich,,Darío Cvitanich
15110,Javier,Hernán,García,,Javier García
105087,Mauricio,,Martínez,,Mauricio Martínez
155,Neri,Raúl,Cardozo,,Neri Cardozo
103537,David,Matías,Barbona,,David Barbona
564,Eduardo,Germán,Coudet,,Eduardo Coudet
147602,Marcos,,Peano,,Marcos Peano
200440,Franco,Lionel,Godoy,,Franco Godoy
105325,Federico,,Milo,,Federico Milo
45619,Nelson,Fernando,Acevedo,,Nelson Acevedo
226887,Gastón,,González,,Gastón González
16238,Leonardo,Carol,Madelón,,Leonardo Madelón
89000,Lautaro,,Comas,,Lautaro Comas
87424,Fernando,,Zuqui,,Fernando Zuqui
204671,Tomás,Alejandro,Chancalay,,Tomás Chancalay
126876,Gabriel,,Compagnucci,,Gabriel Compagnucci
94195,Cristian,,Tarragona,,Cristian Tarragona
126637,José,Santiago,Rosales,,Santiago Rosales
2488,Leonardo,Fabián,Burián,,Leonardo Burián
30896,Ricardo,Gastón,Díaz,,Gastón Díaz
99085,Lucas,Javier,Acevedo,,Lucas Acevedo
47915,Emanuel,,Olivera,,Emanuel Olivera
179925,Gonzalo,Daniel,Escobar,,Gonzalo Escobar
375,Matías,Lionel,Fritzler,,Matías Fritzler
89017,Christian,Oscar,Bernardi,,Christian Bernardi
20311,Matías,,Ibáñez,,Matías Ibáñez
55936,Cristian,,Chimino,,Cristian Chimino
30105,Walter,Saúl,Andrade,,Walter Andrade
16225,Federico,,Mancinelli,,Federico Mancinelli
35300,Mathías,Nicolás,Abero Villán,,Mathías Abero
65249,Lucas,Eduardo,Mancinelli,,Lucas Mancinelli
24484,Damián,,Lemos,,Damián Lemos
225186,José,,Barreto,,José Barreto
19622,Marcelo,Alejandro,Estigarribia Balmori,,Marcelo Estigarribia
172730,Nicolás,,Leguizamón,,Nicolás Leguizamón
186420,Mauro,Andrés,Da Luz Regalado,,Mauro Da Luz
69819,Dardo,Federico,Miloc,,Dardo Miloc
14816,Wilson,David,Morelo,Wilson Morelo,
174353,Ignacio,Francisco,Chicco,,Ignacio Chicco
79856,Guillermo,Luis,Ortiz,,Guillermo Ortiz
104743,Héctor,Damián,Schmidt,Damián Schmidt,Damián Schmidt
39796,Federico,Eduardo,Lértora,,Federico Lértora
85193,Guillermo,León,Celis Montiel,,Guillermo Celis
265,Pablo,Hernán,Lavallén,,Pablo Lavallén
34646,Federico,,Costa,,Federico Costa
217181,Jorge,Martín,Aruga Torales,,Martín Aruga
68595,Pablo,Oscar,Cortizo,,Pablo Cortizo
220396,Santiago,,Briñone,,Santiago Briñone
225651,Faustino,,Dettler,,Faustino Dettler
1950,Mario,Alfredo,Sciacqua,,Mario Sciacqua
219610,Alexander,,Díaz,,Alexander Díaz
58112,Ezequiel,Osvaldo,Cerutti,,Ezequiel Cerutti
173905,Leandro,,Vella,,Leandro Vella
209194,Elías,Iván,Pereyra,,Elías Pereyra
37152,Rubén,Alejandro,Botta Montero,,Rubén Botta
218168,Marcos,Sebastían,Rouzies,,Marcos Rouzies
228221,Franco,González,González,,Franco González
173484,Facundo,Matías,Barboza,,Facundo Barboza
37698,Nicolás,Gastón,Navarro,,Nicolás Navarro
62169,Gino,,Peruzzi Lucchetti,,Gino Peruzzi
217046,Gianluca,,Ferrari,,Gianluca Ferrari
50339,Santiago,,Vergini,,Santiago Vergini
209306,Emanuel,Fernando,Maciel,,Emanuel Maciel
121269,Roberto,Fabián,Ramírez,,Roberto Ramírez
231375,Tomás,Agustín,Álvarez,,Agustín Álvarez
127229,Néstor,Adriel,Breitenbruch,Néstor Breitenbruch,Néstor Breitenbruch
147570,Tomás,,Cardona,,Tomás Cardona
211184,Agustín,Ignacio,Aleo,,Agustín Aleo
208582,Kevin,Facundo,Gutiérrez,,Kevin Gutiérrez
163302,Mauro,Rodolfo,Pittón,,Mauro Pittón
131195,Richard,Fabián,Prieto Franco,,Richard Prieto
196046,Cristian,Nahuel,Barrios,,Nahuel Barrios
209818,Enzo,Agustín,Manzur,,Agustín Manzur
210593,Tomás,,Badaloni,,Tomás Badaloni
172565,Gastón,Nicolás,Reniero,,Nicolás Reniero
31939,Santiago,Damián,García Correa,,Santiago García
55210,Nicolás,,Blandi,,Nicolás Blandi
215882,Carlos,Manuel,Insaurralde Ochart,,Manuel Insaurralde
105811,José,Antonio,Devecchi,,José Devecchi
215805,Federico,,Gattoni,,Federico Gattoni
68605,Lucas,Ariel,Menossi,,Lucas Menossi
208010,Matías,Damián,Palacios,,Matías Palacios
1276,Juan,Antonio,Pizzi,Juan Antonio Pizzi,Juan Antonio Pizzi
89348,Andrés,Ulises,Mehring,,Andrés Mehring
208525,Héctor,Joaquín,Varela,,Joaquín Varela
193264,Miguel,Ángel,Merentiel Serrano,,Miguel Ángel Merentiel
226940,Joaquín,,Mateo,,Joaquín Mateo
3526,Lucas,,Bernardi,,Lucas Bernardi
116885,Damián,Marcelino,Moreno,Marcelino Moreno,Marcelino Moreno
24111,Víctor,Hugo,Ayala Núñez,,Víctor Hugo Ayala
173028,Gabriel,Darío,Carrasco,,Gabriel Carrasco
193168,Tomás,,Belmonte,,Tomás Belmonte
59721,Franco,Gabriel,Mussis,,Franco Mussis
70512,Ariel,Matías,García,,Matías García
186253,Claudio,Paul,Spinelli,,Claudio Paul Spinelli
144506,Agustín,Daniel,Rossi,,Agustín Rossi
30882,Ezequiel,Matías,Muñoz,,Ezequiel Muñoz
217179,Lautaro,Rodrigo,Valenti,,Lautaro Valenti
78833,Nicolás,,Pasquini,,Nicolás Pasquini
51917,Facundo,Tomás,Quignón,,Facundo Quignón
8513,Lautaro,Germán,Acosta,,Lautaro Acosta
115585,Alexis,,Martín Arias,,Alexis Martín Arias
28114,Maximiliano,,Caire,,Maximiliano Caire
111741,Sandro,Leonardo,Morales,,Leonardo Morales
36816,Marco,Natanael,Torsiglieri,,Marco Torsiglieri
204644,Matías,Germán,Melluso,,Matías Melluso
20408,Pablo,César Leonardo,Velázquez Centurión,,Pablo Velázquez
200490,Lucas,Gabriel,Vera,,Lucas Vera
88395,Leonel,,Di Plácido,,Leonel Di Plácido
176537,Maximiliano,Gabriel,Comba,,Maximiliano Comba
94725,Horacio,Gabriel,Tijanovich,,Horacio Tijanovich
213070,Matías,Marcos,Gómez,,Matías Gómez
520,José,Gustavo,Sand,José Sand,José Sand
52684,Carlos,Daniel,Auzqui,,Carlos Auzqui
84652,Nicolás,,Orsini,,Nicolás Orsini
204560,Agustín,Gabriel,Bolívar,,Agustín Bolívar
217180,Lautaro,,Morales,,Lautaro Morales
81316,Tiago,,Pagnussat,Tiago Pagnussat,
173027,Jorge,Darío,Cáceres Ovelar,,Darío Cáceres
198991,Pablo,Daniel,Martínez Morales,,Pablo Martínez
35264,Luis,Francisco,Zubeldía,,Luis Zubeldía
193843,Nelson,,Insfrán,,Nelson Insfrán
158330,Manuel,,Guanini,,Manuel Guanini
130256,Leandro,Nicolás,Contín,,Nicolás Contín
147294,Brian,Ezequiel,Mansilla,,Brian Mansilla
70113,Hernán,Darío,Ortíz,,Darío Ortiz
112671,Rafael,Santos,Borré Maury,,Rafael Santos Borré
174331,Francis,Manuel,Mac Allister,,Francis Mac Allister
174330,Damián,Iván,Batallini,,Damián Batallini
195180,Benjamín,,Rollheiser,,Benjamín Rollheiser
148044,Exequiel,Alejandro,Palacios,,Exequiel Palacios
28126,Lucas,David,Pratto,,Lucas Pratto
126538,Lucas,Abraham,Chaves,,Lucas Chaves
17376,Jonathan,Alexis,Sandoval Rojas,,Jonathan Sandoval
8484,Miguel,Ángel,Torrén,,Miguel Ángel Torrén
25625,Carlos,Gustavo,Quintana,,Carlos Quintana
114109,Elías,José,Gómez,,Elías Gómez
3148,Santiago,Martín,Silva Olivera,,Santiago Silva
195164,Elías,Sebastían,López,,Elías López
193983,Robert,Samuel,Rojas Chávez,,Robert Rojas
153417,Lucas,,Martínez Quarta,,Lucas Martínez Quarta
46432,Milton,,Casco,,Milton Casco
166900,Diego,Nicolás,De La Cruz Arcosa,,Nicolás De La Cruz
17135,Matías,Exequiel,Suárez,,Matías Suárez
70402,Nicolás,Alexis,Silva,,Nicolás Silva
14868,Gabriel,Agustín,Hauche,,Gabriel Hauche
55204,Diego,,Sosa,,Diego Sosa
193485,Cristian,Ezequiel,Ferreira,,Cristian Ferreira
192595,Franco,David,Moyano,,Franco Moyano
53904,Bruno,,Zuculini,,Bruno Zuculini
46549,Fausto,Emanuel,Montero,,Fausto Montero
128990,Jorge,Andrés,Carrascal Guardo,,Jorge Carrascal
123767,Victorio,Gabriel,Ramis,,Victorio Ramis
49859,Franco,,Armani,,Franco Armani
199763,Leandro,Farid,Finochietto,,Leandro Finochietto
198,Marcos,Alberto,Angeleri,,Marcos Angeleri
200980,Enzo,Agustín,Ybáñez,,Enzo Ybáñez
49043,Raúl,Marcelo,Bobadilla,,Raúl Bobadilla
208997,Diego,Omar,Dabove,,Diego Dabove
505,Germán,Darío,Lux,,Germán Lux
168681,Gonzalo,Ariel,Montiel,,Gonzalo Montiel
1118,Leonardo,Daniel,Ponzio,,Leonardo Ponzio
216997,Julián,,Álvarez,,Julián Álvarez
534,Marcelo,Daniel,Gallardo,,Marcelo Gallardo
8907,Federico,Rafael,González,,Federico González
147633,Nahuel,,Estévez,,Nahuel Estévez
215760,Matías,,Pellegrini,,Matías Pellegrini
136659,Ángel,Emanuel,González,,Ángel González
81332,Gastón,,Gil Romero,,Gastón Gil Romero
55627,Nahuel,Mariano,Yeri,,Nahuel Yeri
223263,Franco,Farid,Pérez,,Franco Pérez
39790,Facundo,,Sánchez,,Facundo Sánchez
29111,Jonatan, Ariel,Schunke,,Jonatan  Schunke
231235,Nazareno,,Colombo,,Nazareno Colombo
210852,Iván,,Erquiaga,,Iván Erquiaga
19754,Enzo,Maximiliano,Kalinski,,Enzo Kalinski
164496,Diego,Gonzalo,García Cardozo,,Diego García
382,Luciano,Dario,Pocrnjic,,Luciano Pocrnjic
47808,Leonel,,Galeano,,Leonel Galeano
51469,Marcos,David,Miers,Marcos Miers,
89096,Lucas,Hernán,Villalba,,Lucas Villalba
96979,Federico,Gino,Acevedo Fagúndez,,Federico Gino
128853,Luis,Manuel,Castro Cáceres,,Manuel Castro
75491,Iván,Alejandro,Gómez,,Iván Gómez
205120,Emanuel,,Iñíguez,,Emanuel Iñíguez
94938,Sebastián,,Rincón Lucumí,,Sebastián Rincón
118855,Nazareno,Damián,Solís,,Nazareno Solís
105873,Francisco,,Grahl,,Francisco Grahl
69299,Federico,Oscar,Andrada,,Federico Andrada
3055,Mariano,Gonzalo,Andújar,,Mariano Andújar
105231,Juan,Eduardo,Fuentes Jiménez,,Juan Fuentes
34319,Hernán,Dario,Burbano,Hernán Burbano,
226872,Emiliano,,González,,Emiliano González
223803,Facundo,,Mura,,Facundo Mura
24754,Gastón,Nicolás,Fernández,,Gastón Fernández
196110,Edwar,Manuel,López Gomez,,Edwar López
1108,Gabriel,Alejandro,Milito,,Gabriel Milito
8724,Walter,Fabián,Assmann,,Fabián Assmann
204960,Caín,,Fara,,Caín Fara
89965,Fernando,Andrés,Evangelista Iglesia,,Fernando Evangelista
226010,Yoel,Gustavo,Juárez,,Yoel Juárez
179612,Gustavo,,Álvarez,,Gustavo Álvarez
107015,Ángelo,Emanuel,Gabrielli Scaroni,,Ángelo Gabrielli
103740,Julián,Rodrigo,Fernández,,Julián Fernández
208585,Facundo,,Nadalín,,Facundo Nadalín
17090,Mauro,Abel,Formica,,Mauro Formica
130207,Francisco,David,Fydriszewski,,Francisco Fydriszewski
112936,Cristian,Orlando,Vega,,Cristian Vega
122082,Franco,Sebastián,Cristaldo,,Franco Cristaldo
63356,Juan,Daniel,Galeano,,Juan Galeano
59670,Alan,,Aguerre,,Alan Aguerre
54712,Cristian,Franco,Lema,,Cristian Lema
234,Santiago,Juan,Gentiletti Selak,,Santiago Gentiletti
31274,Mariano,,Bíttolo,,Mariano Bíttolo
209474,Jerónimo,,Cacciabue,,Jerónimo Cacciabue
206113,Cristian,Hernán,Díaz,,Cristian Díaz
79853,Hugo,Heriberto,Vera Oviedo,,Hugo Vera Oviedo
173026,Matías,Germán,Nani,,Matías Nani
101362,Jonathan,,Bay,,Jonathan Bay
106208,César,Marcelo,Meli,Marcelo Meli,
186438,Facundo,Emmanuel,Melivilo,,Facundo Melivilo
35293,José,Adolfo,Valencia Arrechea,,José Valencia
807,Maximiliano,Rubén,Rodríguez,,Maximiliano Rodríguez
126587,Denis,,Rodríguez,,Denis Rodríguez
199229,Alexis,,Rodríguez,,Alexis Rodríguez
85311,Lucas,Gabriel,Albertengo,,Lucas Albertengo
68289,Jonathan,Carlos,Herrera,Jonathan Herrera,
30134,Diego,Matías,Rodríguez,,Diego Rodríguez
58481,Lisandro,,Alzugaray,,Lisandro Alzugaray
147154,Mauro,,Barraza,,Mauro Barraza
15325,Nelson,Martín,Ibáñez,,Nelson Ibáñez
146831,Stefano,,Callegari,,Stefano Callegari
223230,Juan,Manuel,Requena,,Juan Manuel Requena
167990,Luís,,Leal dos Anjos,Luís Leal,Luís Leal
47504,Frank,Darío,Kudelka,,Frank Kudelka
20360,Maximiliano,,Cavalotti,,Maximiliano Cavalotti
4706,Nicolás,Bruno,Correa Risso,,Nicolás Correa
37856,Ismael,,Quilez,,Ismael Quilez
72938,Santiago,,Gallucci Otero,,Santiago Gallucci Otero
122018,Gustavo,Iván,Coleoni,,Gustavo Coleoni
172801,Nahuel,Lautaro,Bustos,,Nahuel Bustos
145349,Tomás,,Pochettino,,Tomás Pochettino
198280,Juan,Ignacio,Méndez,,Juan Ignacio Méndez
2620,Dayro,Mauricio,Moreno Galindo,Dayro Moreno,
224610,Miguel,Marcelo,Brizuela,,Miguel Brizuela
172756,Agustín,,Bouzat,,Agustín Bouzat
46003,Leandro,Miguel,Fernández,,Leandro Fernández
190318,Facundo,Nahuel,Tenaglia,,Nahuel Tenaglia
116196,Juan,Cruz,Komar,,Juan Cruz Komar
206409,Enzo,Hernán,Díaz,,Enzo Díaz
120432,Adrián,Andrés,Cubas,,Andrés Cubas
99779,Luis,Alfonso,Abram Ugarelli,,Luis Abram
146048,Braian,Ezequiel,Cufré,,Braian Cufré
193955,Nicolás,Martín,Domínguez,,Nicolás Domínguez
185745,Lucas,Gastón,Robertone,,Lucas Robertone
118231,Pablo,Ignacio,Galdames Millán,,Pablo Galdames
215475,Thiago,Ezequiel,Almada,,Thiago Almada
70938,Jonathan,,Menéndez,,Jonathan Menéndez
71946,Franco,Rodrigo,Fragapane,,Franco Fragapane
117606,Junior,Gabriel,Arias Cáceres,Junior Arias,Junior Arias
193908,Tomás,Ezequiel,Guidara,,Tomás Guidara
60730,Gastón,Claudio,Giménez,,Gastón Giménez
515,Javier,Marcelo,Gandolfi,,Javier Gandolfi
86457,Guido,Gabriel,Herrera,,Guido Herrera
27987,Lucas,Adrián,Hoyos,,Lucas Hoyos
219117,Álvaro,Martín,Barreal,,Álvaro Barreal
147410,Maximiliano,Samuel,Romero,,Maximiliano Romero
219623,Federico,Darío,Navarro,,Federico Navarro
317,Mauricio,Ariel,Caranta,,Mauricio Caranta
217183,Renzo,,Paparelli Coldorf,,Renzo Paparelli
221296,Brian,Lautaro,Guzmán,,Lautaro Guzmán
219900,Mauro,Abrahan,Valiente,,Mauro Valiente
2485,Alexander,Jesús,Medina,,Alexander Medina
19132,Alexander,,Domínguez Carabalí,,Alexander Domínguez
208462,Hernán,,De La Fuente,,Hernán De La Fuente
208534,Francisco,Gabriel,Ortega,,Francisco Ortega
223096,Luca,Nicolás,Orellano,,Luca Orellano
3527,Gabriel,Iván,Heinze,,Gabriel Heinze
95256,Luis,Marcelo,Herrera,,Marcelo Herrera
69595,Marcelo,Nicolás,Benítez,,Marcelo Benítez
86873,Alexis,,Castro,,Alexis Castro
57549,Nicolás,,Domingo,,Nicolás Domingo
79877,Martín,Nicolás,Benítez,,Martín Benítez
80281,Cecilio,Andrés,Domínguez Ruiz,,Cecilio Domínguez
147861,Luis,Ezequiel,Unsain,,Ezequiel Unsain
176520,Juan,Gabriel,Rodríguez,,Juan Gabriel Rodríguez
106093,Gonzalo,Ruben,Piovi,,Gonzalo Piovi
60018,Rafael,Marcelo,Delgado,,Rafael Delgado
83067,Lucas,Ariel,Villarruel,,Lucas Villarruel
105543,Jorge,Nicolás,Figal,Nicolás Figal,Nicolás Figal
193185,Alan,Javier,Franco,,Alan Franco
79278,Gabriel,Gastón Alexis,Silva Perdomo,Gastón Silva,Gastón Silva
55208,Juan,Manuel,Sánchez Miño,,Juan Manuel Sánchez Miño
48268,Pablo,Javier,Pérez,,Pablo Pérez
87369,Sebastián,Alberto,Palacios,,Sebastián Palacios
172568,Domingo,Felipe,Blanco,,Domingo Blanco
24544,Julio,César,González Trinidad,,Julio César González
172566,Bautista,,Merlini,,Bautista Merlini
16285,Fernando,Andrés,Márquez,,Fernando Márquez
114108,Nicolás,Emanuel,Fernández,,Nicolás Fernández
30969,Francisco,Andrés,Silva Gajardo,Francisco Silva,Francisco Silva
99051,Nicolás,Andrés,Maná,,Nicolás Maná
100773,Fabricio,,Bustos Sein,,Fabricio Bustos
30266,Cristian,Gabriel,Chávez,,Cristian Chávez
34493,Martín,Nicolás,Campaña Delgado,Martí­n Campaña,Martín Campaña
66621,Nicolás,Gastón,Avellaneda,,Nicolás Avellaneda
100763,Nicolás,Martín,Tripichio,,Nicolás Tripichio
148045,Héctor,David,Martínez,,David Martínez
195401,Braian,Oscar,Ojeda Rodríguez,,Braian Ojeda
215602,Enzo,Gabriel,Coacci,,Enzo Coacci
147067,Mariano,Andrés,Soso,,Mariano Soso
119230,Milton,David,Álvarez,,Milton Álvarez
229426,Lucas,Nahuel,Gonzalez Martinez,,Lucas González
225148,Alan,Agustín,Velasco,,Alan Velasco
8904,Silvio,Ezequiel,Romero,,Silvio Romero
172399,Sebastián,,Beccacece,,Sebastián Beccacece
179703,Sebastián,,Villa Cano,,Sebastián Villa
170137,Agustín,Ezequiel,Almendra,,Agustín Almendra
126655,Emanuel,,Reynoso,,Emanuel Reynoso
209302,Walter,Gabriel,Pérez,,Walter Pérez
65598,Lorenzo,Abel,Faravelli,,Lorenzo Faravelli
182838,Balekian,Norberto Alejandro,Briasco,,Norberto Briasco
46115,Esteban,Maximiliano,Andrada,,Esteban Andrada
16183,Julio,Alberto,Buffarini,,Julio Buffarini
61653,Paolo,Duval,Goltz,,Paolo Goltz
96294,Júnior,Osmar Ignacio,Alonso Mujica,,Junior Alonso
59793,Frank,Yusty,Fabra Palacios,,Frank Fabra
184677,Jorman,David,Campuzano Puentes,,Jorman Campuzano
36815,Antony,Domingo,Silva Cano,,Antony Silva
80233,Gonzalo,,Bettini,,Gonzalo Bettini
133281,Saúl,Savín,Salcedo Zárate,,Saúl Salcedo
128296,Lucas,Mariano,Bareiro,,Mariano Bareiro
479,Carlos,Luciano,Araujo,,Carlos Araujo
17276,Adrián,Daniel,Calello,,Adrián Calello
172872,Martín,Exequiel,Ojeda,,Martín Ojeda
186210,Federico,Ezequiel,Marín,,Federico Marín
60771,Juan,Fernando,Garro Gallerani,,Juan Fernando Garro
72225,Andrés,Eliseo,Chávez,,Andrés Chávez
144,Carlos,Alberto,Martínez Tévez,,Carlos Tévez
618,Mauro,Matías,Zárate,,Mauro Zárate
86727,Rodrigo,Manuel,Gómez,,Rodrigo Gómez
37930,Eduardo,Antonio,Salvio,Eduardo Salvio,Eduardo Salvio
184545,Jan,Carlos,Hurtado Anchico,,Jan Carlos Hurtado
37104,Ramón,Darío,Ábila,,Ramón Ábila
8893,Marcos,Guillermo,Díaz,,Marcos Díaz
34544,Emmanuel,David,Mas Sgros,,Emmanuel Mas
224005,Nicolás,,Capaldo Taboas,,Nicolás Capaldo
195181,Javier,Agustín,Obando,,Agustín Obando
443,Gustavo,Julio,Alfaro,,Gustavo Alfaro
8379,Fernando,Diego,Pellegrino,,Fernando Pellegrino
174154,Lucas,Gabriel,Merolla,,Lucas Merolla
100091,Javier,Osvaldo,Mendoza,,Javier Mendoza
57003,Fernando,,Coniglio,,Fernando Coniglio
47815,Juan,Pablo,Vojvoda,,Juan Pablo Vojvoda
87242,Jesús,Miguel,Soraire,,Jesús Soraire
126700,Nicolás,Ezequiel,Giménez,,Nicolás Giménez
202437,Facundo,,Pons,,Facundo Pons
40001,Sergio,Javier,Vittor,,Sergio Vittor
172675,Luciano,Luis Romilio,Gómez,,Luciano Gómez
191590,Matías,Hernán,Moya,,Matías Moya
47520,Maximiliano,,Gagliardo,,Maximiliano Gagliardo
73247,Fernando,,Torrent Guidi,,Fernando Torrent
101129,Fabio,Jesús Alberto,Pereyra,,Fabio Pereyra
52867,Franco,,Sbuttoni,,Franco Sbuttoni
565,Emiliano,Ramiro,Papa,,Emiliano Papa
58040,Emiliano,Jorge,Méndez,,Emiliano Méndez
196824,Lautaro,,Parisi,,Lautaro Parisi
2211,Néstor,Esteban,Conde Quintana,,Esteban Conde
24885,Mauricio,Luciano,Lollo,,Luciano Lollo
23123,Renato,,Civelli,,Renato Civelli
172673,Claudio,Nicolás,Bravo,,Claudio Bravo
78030,Gastón,,Álvarez Suárez,,Gastón Álvarez Suárez
205470,Martín,Ismael,Payero,,Martín Payero
198924,Juan,Pablo,Álvarez,,Juan Pablo Álvarez
168161,Lucas,Ezequiel,Piovi,,Ezequiel Piovi
63200,Ezequiel,,Rescaldani,,Ezequiel Rescaldani
629,Jonás,Manuel,Gutiérrez,,Jonás Gutiérrez
126562,Cristian,Agustín,Fontana,,Agustín Fontana
126560,Jorge,,Rodríguez,,Jorge Rodríguez
32236,Nicolás,Santiago,Bertolo,,Nicolás Bertolo
34106,Ezequiel,Adrián,Cérica,,Ezequiel Cérica
193905,Julián,Simón,Carranza,Julián Carranza,Julián Carranza
172761,Claudio,Daniel,Sappa,,Daniel Sappa
205468,Mateo,,Carabajal,,Mateo Carabajal
209845,Alejo,,Antilef,,Alejo Antilef
105203,Juan,Cruz,Kaprof,,Juan Cruz Kaprof
86895,Sergio,Gabriel,Rondina,,Sergio Rondina
100724,Iván,Mauricio,Arboleda,Iván Arboleda,Iván Arboleda
8476,Sebastián,,Dubarbier Bruscchini,,Sebastián Dubarbier
3099,Israel,Alejandro,Damonte,,Israel Damonte
99560,Reinaldo,,Lenis Montes,,Reinaldo Lenis
1670,Hernán,Jorge,Crespo,,Hernán Crespo
36117,Fabián,Andrés,Rinaudo,,Fabián Rinaudo
30147,Luciano,Fabián,Monzón,,Fabián  Monzón
46841,Cristian,Damián,Erbes,,Cristian Erbes
30724,José,Luis,Fernández,,José Luis Fernández
68341,Diego,Martín,Zabala Morales,,Diego Zabala
179441,Maximiliano,Alberto,Lovera,,Maximiliano Lovera
51213,Claudio,Maximiliano,Riaño,,Claudio Riaño
474,Cristian,David,Lucchetti,,Cristian Lucchetti
16599,Bruno,Félix,Bianchi,,Bruno Bianchi
60713,Dylan,,Gissi,,Dylan Gissi
193859,Gabriel,Adolfo,Risso Patrón,,Gabriel Risso Patrón
105326,Ramiro,Angel,Carrera,,Ramiro Carrera
8995,Javier,Fabián,Toledo,,Javier Toledo
103919,Jeremías,Conan,Ledesma,,Jeremías Ledesma
172711,Nahuel,,Molina Lucero,,Nahuel Molina Lucero
8951,Matías,Nicolás,Caruzzo,,Matías Caruzzo
147938,Miguel,Ángel,Barbieri,,Miguel Ángel Barbieri
97738,Emanuel,Fermín,Brítez,,Emanuel Brítez
43831,Ciro,Pablo,Rius Aragallo,,Ciro Rius
49610,Leonardo,Roque Albano,Gil,,Leonardo Gil
26050,Ariel,Mauricio,Rojas,,Ariel Rojas
55502,Leandro,Nicolás,Díaz,,Leandro Díaz
111092,Joaquín,Nicolás,Pereyra,,Joaquín Pereyra
20195,Sebastián,César,Ribas,Sebastián Ribas,Sebastián Ribas
87415,Marcelo,Damian,Ortiz,,Marcelo Ortiz
39742,Guillermo,Gastón,Acosta,,Guillermo Acosta
85121,Lucas,Santiago,Melano,,Lucas Melano
24363,Alfonso,Cristian,Parot Rojas,,Alfonso Parot
16332,Alejandro,Miguel,Sánchez,,Alejandro Sánchez
193561,Tomás,Esteban,Cuello,,Tomás Cuello
121814,Leonardo,Matías,Heredia,,Leonardo Heredia
209382,Augusto,Diego,Lotti,,Augusto Lotti
40218,Ricardo,Alberto,Zielinski,,Ricardo Zielinski
23047,Josué,Daniel,Ayala,,Josué Ayala
4608,Diego,Martín,Novaretti,,Diego Novaretti
67,Néstor,Ezequiel,Ortigoza,,Néstor Ortigoza
69929,Leonel,Jonás,Aguirre Avalo,,Jonás Aguirre
98,Diego,Martín,Cocca,,Diego Cocca
85272,Rodrigo,Germán,Aliendro,,Rodrigo Aliendro
215639,Alex,,Vigo Gamaliel,,Alex Vigo
6084,Mauro,,Bogado,,Mauro Bogado
16081,Luis,Miguel,Rodríguez,,Luis Miguel Rodríguez
15922,Román,Fernando,Martínez,,Román Martínez
231467,César,Gabriel,Florentín,,Gabriel Florentín
52386,Gonzalo,Alberto,Verón,,Gonzalo Verón
114498,Iván,Leonardo,Colman,,Iván Colman
39578,Lucas,Emanuel,Gamba,,Lucas Gamba
225553,Rodrigo,Iván,González,,Rodrigo González
224851,Carlos,Gabriel,Villalba,,Carlos Villalba
182837,Nicolás,Federico,Femia,,Nicolás Femia
72090,Federico,,Bravo,,Federico Bravo
102372,Leonardo,Enrique,Villalba,,Leonardo Villalba
16844,Gonzalo,Pablo,Castellani,,Gonzalo Castellani
52154,Marcos,Fabián,Sánchez,,Marcos Sánchez
85722,Lautaro,,Giannetti,,Lautaro Giannetti
89103,Lucas,Ezequiel,Janson,,Lucas Janson
209817,Cristian,David,Núñez Morales,,Cristian Núñez
44771,Lucas,Alfonso,Orban,,Lucas Orban
224936,Evelio,Ramón,Cardozo,,Evelio Cardozo
97573,Raúl,Alberto,Loaiza Morelos,,Raúl Loaiza
134676,Guido,,Mainero,,Guido Mainero
128510,Walter,Ariel,Bou,,Walter Bou
226849,Jorge,Gastón,Comas,,Gastón Comas
407,Fernando,Daniel,Belluschi,,Fernando Belluschi
146160,Adam,Fernando,Bareiro Gamarra,Adam Bareiro,Adam Bareiro
42356,Maximiliano,,Coronel,,Maximiliano Coronel
251,Lucas,Matías,Licht,,Lucas Licht
1655,Fabricio,,Coloccini,,Fabricio Coloccini
172559,Baron,Marcos Nicolás,Senesi,,Marcos Senesi
158965,Bruno,Alejandro,Pittón,,Bruno Pittón
75048,Gerónimo,Gastón,Poblete,,Gerónimo Poblete
12609,Sebastián,Alberto,Torrico,,Sebastián Torrico
121341,Héctor,Hugo,Fértoli,,Héctor Fértoli
126,Jesús,Alberto,Dátolo,,Jesús Dátolo
66506,Pablo,Mauricio,Rosales,,Mauricio Rosales
208643,Mateo,,Retegui,,Mateo Retegui
63477,Ignacio,Martín,Fernández,,Ignacio Fernández
37092,Enzo,Nicolás,Pérez,,Enzo Pérez
220307,Pedro,,De la Vega,,Pedro De La Vega
89135,Gabriel,,Ávalos Stumpfs,,Gabriel Ávalos
52390,Carlos,Roberto,Izquierdoz,,Carlos Izquierdoz
189736,Alexis,,Mac Allister,,Alexis Mac Allister
113707,Julián,Antonio,Chicco,,Julián Chicco
95673,Hugo,Gabriel,Silveira Pereira,,Hugo Silveira
39833,Iván,José,Marcone,,Iván Marcone
144877,Matías,,Escudero,,Matías Escudero
185878,Juan,Francisco,Brunetta,,Juan Brunetta
206571,Ezequiel,Eduardo,Bullaude,,Ezequiel Bullaude
101036,Joel,,Soñora,,Joel Soñora
193952,Nahuel,Eloy,Arena,,Nahuel Arena
182947,Juan,Alberto,Andrada,,Juan Alberto Andrada
223804,Aníbal,,Moreno,,Aníbal Moreno
167929,Braian,Abel,Rivero,,Braian Rivero
89081,Lucas,Daniel,Romero,,Lucas Romero
33777,Fabricio,,Fontanini,,Fabricio Fontanini
163041,Alexander,Nahuel,Barboza Ullúa,,Alexander Barboza
229425,Alan,,Soñora,,Alan Soñora
8481,Fernando,,Berón,,Fernando Berón
75888,Cristian,Manuel,Insaurralde,Cristian Insaurralde,
223124,Agustín,José,Urzi,,Agustín Urzi
231468,Lucas,,Ambrogio,,Lucas Ambrogio
209887,Gastón,Nicolás,Verón,,Gastón Verón
190843,Facundo,Axel,Medina,,Facundo Medina
49584,Gervasio,Daniel,Núñez,,Gervasio Núñez
104594,Leonardo,,Godoy,,Leonardo Godoy
214199,Oscar,Camilo,Salomón,,Oscar Salomón
100727,Joao,Leandro,Rodríguez González,Joao Rodríguez,
30012,Rodrigo,Javier,Salinas,,Rodrigo Salinas
193192,Braian,Gabriel,Álvarez,,Braian Álvarez
25847,Nicolás,Mario,Mazzola,,Nicolás Mazzola
106104,Víctor,Ezequiel,Salazar,,Víctor Salazar
71017,Óscar,David,Romero Villamayor,,Óscar Romero
70297,Juan,Edgardo,Ramírez,,Juan Ramírez
70255,Ángel,Rodrigo,Romero Villamayor,,Ángel Romero
51244,Nicolás,Carlos,Colazo,,Nicolás Colazo
657,Ignacio,Martín,Scocco,,Ignacio Scocco
146437,Zander,Mateo,Cassierra Cabezas,,Mateo Cassierra
97643,Fabrizio,Germán,Angileri,,Fabrizio Angileri
66625,Juan,Ignacio,Vieyra,,Juan Ignacio Vieyra
74902,Joaquín,,Arzura,,Joaquín Arzura
4939,Diego,Martín,Rodríguez Berrini,,Diego Rodríguez
210465,Ignacio,Santiago,Aliseda,,Ignacio Aliseda
728,Fernando,Rubén,Gago,,Fernando Gago
1772,Daniele,,De Rossi,,Daniele De Rossi
196073,Nicolás,,Bazzana,,Nicolás Bazzana
45200,Facundo,Daniel,Bertoglio,,Facundo Bertoglio
93853,Franco,,Soldano,,Franco Soldano
114433,Miguel,Isaías,Jacquet Duarte,,Miguel Jacquet
126644,Gabriel,Gustavo,Alanís,,Gabriel Alanís
167687,Fabián,Gastón,Henríquez,,Fabián Henríquez
231669,Agustín,,Lagos,,Agustín Lagos
43841,Brahian,Milton,Alemán,,Brahian Alemán
226837,Santiago,Daniel,Pierotti,,Santiago Pierotti
215632,Germán,Leonel,Guiffrey,,Germán Guiffrey
19946,Gonzalo,Alejandro,Jara Reyes,Gonzalo Jara,Gonzalo Jara
99008,Andrés,Felipe,Roa Estrada,,Andrés Roa
215457,Adolfo,Julián,Gaich,,Adolfo Gaich
97811,Janeiler,,Rivas Palacios,,Janeiler Rivas
44670,Gabriel,Adrián,Díaz,,Gabriel Díaz
52853,Leandro,,Marín,,Leandro Marín
234866,Javier,,Patalano,,Javier Patalano
225123,Andrés,Óscar,Ayala,,Andrés Ayala
85349,Juan,Ignacio,Cavallaro,,Juan Ignacio Cavallaro
231817,Facundo,Martín,Pérez,,Facundo Pérez
39479,Eugenio,Esteban,Mena Reveco,,Eugenio Mena
33527,Alejandro,César,Donatti,,Alejandro Donatti
98840,Paulo,César,Díaz Huincales,Paulo Díaz,Paulo Díaz
483,Javier,Horacio,Pinola,,Javier Pinola
146440,Diego,Luis,Valoyes Ruíz,Diego Valoyes,Diego Valoyes
207679,Nahuel,Ezequiel,Gallardo,,Nahuel Gallardo
41584,Lisandro,Ezequiel,López Dessypris,,Lisandro López
121330,Claudio,Daniel,Villagra,,Claudio Villagra
118014,Rodrigo,Sebastián,Arciero,,Rodrigo Arciero
115360,Jonathan, Emanuel,Cabral,,Jonathan   Cabral
69646,Alan,Nahuel,Ruiz,,Alan Ruiz
173021,Leandro,Isaac,Maciel,,Leandro Maciel
186096,Luis,Ignacio,Ingolotti,,Luis Ingolotti
54,Lucas,Ramón,Barrios Cáceres,,Lucas Barrios
170135,Fausto,Mariano,Vera,,Fausto Vera
222772,Matko,Mijael,Miljevic,,Matko Miljevic
100786,Matías,Alexis,Romero,,Matías Romero
220308,José,Luis,Sinisterra,,José Luis Sinisterra
225093,Francisco,,Manenti,,Francisco Manenti
224608,Damián,Ariel,Fernández,,Damián Fernández
174209,Facundo,Nicolás,Cambeses,,Facundo Cambeses
231236,Khalil,,Caraballo,,Khalil Caraballo
131511,Francisco,,Ilarregui,,Francisco Ilarregui
231470,Juan,Ignacio,Nardoni,,Juan Ignacio Nardoni
77802,Francisco,,Pizzini,,Francisco Pizzini
126685,Agustín,Emiliano,Sufi,,Agustín Sufi
204654,Juan,Cruz,Franzoni,,Juan Cruz Franzoni
236777,Marcelo,,Freites,,Marcelo Freites
108338,Juan,Manuel,García,,Juan Manuel García
140572,Franco,,Pizzicannella Blasi,,Franco Pizzicannella
226839,Francisco,Agustín,González,,Francisco González
170134,Marcelo,Alexis,Weigandt,,Marcelo Weigandt
213575,Lucas,Misael,Necul,,Lucas Necul
140,Pablo,Sebastián,Álvarez,,Pablo Álvarez
224057,Franco,Ezequiel,Calderón,,Franco Calderón
148045,Héctor,David,Martínez,,Héctor Martínez
186438,Facundo,,Melivilo,,Facundo Melivilo
4939,Diego,Martín,Rodríguez Berrini,Diego Rodríguez,
45620,Francisco,Javier,Cerro,,Francisco Cerro
64721,Juan,Martín,Lucero,,Juan Martín Lucero
185878,Juan,Francisco,Brunetta,,Juan Francisco Brunetta
206572,Valentín,Alberto,Burgoa,,Valentín Burgoa
185879,Sebastián,,Lomónaco,,Sebastián Lomónaco
114002,Juan,Cruz,Bolado Morici,,Juan Cruz Bolado
220398,Marcelo,Andrés,Herrera Mansilla,,Andrés Herrera
45501,Ramón,Gines,Arias,,Ramón Arias
228916,César,,Ibáñez,,César Ibáñez
36816,Marco,,Torsiglieri,,Marco Torsiglieri
183160,Jesús,Armando,Vargas Rojas,,Jesús Vargas
10768,Diego,Armando,Maradona,,Diego Maradona
238438,Iván,Gabriel,Maggi,,Iván Maggi
172801,Nahuel,,Bustos,,Nahuel Bustos
3160,Julio,César,Falcioni,,Julio Falcioni
227392,Alan,,Marinelli,,Alan Marinelli
114246,Matías,Exequiel,Orihuela,,Matías Orihuela
200490,Lucas,,Vera,,Lucas Vera
100773,Fabricio,,Bustos,,Fabricio Bustos
217179,Lautaro,,Valenti,,Lautaro Valenti
198991,Pablo,,Martínez,,Pablo Martínez
443,Gustavo,,Alfaro,,Gustavo Alfaro
89103,Lucas,,Janson,,Lucas Janson
185745,Lucas,,Robertone,,Lucas Robertone
728,Fernando,,Gago,,Fernando Gago
193955,Nicolás,,Domínguez,,Nicolás Domínguez
223282,Facundo,Ezequiel,Almada,,Facundo Almada
225493,Rodrigo,Roman,Villagra,,Rodrigo Villagra
225146,Nicolás,Alejandro,Forastiero,,Nicolás Forastiero
231801,Darío,,Sarmiento,,Darío Sarmiento
182836,Nicolás,Fernando,Cordero,,Nicolás Cordero
232812,Rodrigo,,Cabral,,Rodrigo Cabral
78575,Néstor,,Apuzzo,,Néstor Apuzzo
178490,Carlos,Nahuel,Benavídez Protesoni,,Carlos Benavídez
178875,Luis,Alexis,Maldonado,,Alexis Maldonado
204706,Franco,Nicolás,Quiroz,,Franco Quiroz
106311,Cristian,Gabriel,Esparza,,Gabriel Esparza
231514,Brian,,Farioli,,Brian Farioli
173030,Gastón,Andrés,Lodico,,Gastón Lodico
104,Enrique,Alberto,Bologna Gómez,,Enrique Bologna
223234,José,Antonio,Paradela,,José Paradela
190657,Leonel,,Rivas,,Leonel Rivas
209455,Facundo,Agustín,Tobares,,Facundo Tobares
16123,Bruno,,Urribarri,,Bruno Urribarri
58048,Luciano,Andrés,Abecasis,,Luciano Abecasis
225426,Leonel,,Picco,,Leonel Picco
36778,Rubén,Osvaldo,Zamponi,,Rubén Zamponi
210848,Santiago,,Sosa,,Santiago Sosa
239684,Matías,,Miranda,,Matías Miranda
219835,Lucas,,Beltrán,,Lucas Beltrán
87163,Agustín,Lionel,Allione,,Agustín Allione
85757,Esteban,Nicolas,Miracco,,Nicolás Miracco
29640,Daniel,,Oldrá,,Daniel Oldrá
225147,Maximiliano,Tomás,Centurión,,Maximiliano Centurión
226838,Nicolás,Federico,Castro,,Nicolás Castro
1080,Gonzalo,Javier,Rodríguez,,Gonzalo Rodríguez
108011,Fabio,Javier,Radaelli,,Fabio Radaelli
2439,Juan,Fernando,Quintero Paniagua,,Juan Fernando Quintero
120431,Alexis,,Soto,,Alexis Soto
178490,Carlos,Nahuel,Benavídez,,Carlos Benavídez
226845,Alexandro, Ezequiel,Bernabéi,,Alexandro Bernabéi
66603,Ángel,Guillermo,Hoyos,,Guillermo Hoyos
219117,Álvaro,,Barreal,,Álvaro Barreal
213959,Matías,Nahuel,Borgogno,,Matías Borgogno
179954,Pedro,Emmanuel,Ojeda,,Emmanuel Ojeda
153268,Nicolás,,Delgadillo Godoy,,Nicolás Delgadillo
223893,Franco,,Fragueda,,Franco Fragueda
242759,Juan,Bautista,Miritello,,Juan Miritello
193188,Gastón,Alberto,Togni,,Gastón Togni
204820,Leonel,,Ferroni,,Leonel Ferroni
242909,Facundo,,Farías,,Facundo Farías
215640,Juan,Cruz,Zurbriggen,,Juan Cruz Zurbriggen
28277,Jorge,Miguel,Ortega Salinas,,Jorge Miguel Ortega
218167,Joaquín,Fabricio,Hass,,Fabricio Hass
198395,Facundo,Tomás,Garcés,,Facundo Garcés
222424,Tomás,Facundo,Moschión,,Tomás Moschión
223805,Francesco,,Lo Celso,,Francesco Lo Celso
204405,Nicolás,,Linares,,Nicolás Linares
106523,José,Agustín,Mauri,,José Mauri
83016,Diego,Oscar,Monárriz,,Diego Monarriz
47508,Nicolás,,Romat,,Nicolás Romat
210438,Giuliano,,Galoppo,,Giuliano Galoppo
243385,Luis,,Sequeira,,Luis Sequeira
243384,Julián,,Palacios,,Julián Palacios
208758,Diego,Alan,Mercado Carrizo,,Diego Mercado
150366,Eric,Iván,Ramírez,,Eric Ramírez
243695,Luca,Javier,Andrada,,Luca Andrada
204705,Braian,Alejandro,Galván,,Braian Galván
245255,Pablo,,Bonaveri,,Pablo Bonaveri
228918,Agustín,,Curruhinca,,Agustín Curruhinca
231544,Federico,,Torres,,Federico Torres
210440,Franco,Agustín,Quinteros,,Franco Quinteros
244582,Isaías,Emmanuel,Barroza,,Isaías Barroza
177909,José,Luis,Rodríguez Bebanz,,José Luis Rodríguez
118186,Mauro,Gabriel,Ortiz,,Mauro Ortiz
231466,Joaquín,,Indacoechea,,Joaquín Indacoechea
226879,Braian,Miguel Angel,Martínez,,Braian Martínez
718,Lucas,Andrés,Pusineri Bignone,,Lucas Pusineri
101207,Martín,,De León,,Martín De León
627,Fabián,Alberto,Cubero,,Fabián Cubero
113964,Matías,,De Los Santos,,Matías De Los Santos
245009,Mateo,,Montenegro,,Mateo Montenegro
228917,Braian,,Maidana,,Braian Maidana
226846,Matías,Eduardo,Esquivel,,Matías Esquivel
195210,Rodrigo,Adrián,Schlegel,,Rodrigo Schlegel
16167,Leandro,,Requena,,Leandro Requena
245177,Zaid,Abner,Romero,,Zaid Romero
225455,Adrián,Guillermo,Sánchez,,Adrián Sánchez
204655,Brian,,Negro,,Brian Negro
208005,Maximiliano,David,Ayala,,David Ayala
231469,Franco,,Ibarra,,Franco Ibarra
246079,Matías,Fernando,Vera,,Matías Vera
65014,Pablo,Ignacio,Becker,,Pablo Becker
173015,Nicolás,Alejandro,Thaller,,Nicolás Thaller
107420,Jhonathan,Alexander,Agudelo Velásquez,,Jhonathan Agudelo
376,Matías,Augusto,Pérez García,,Matías Pérez García
193715,Harrinson,,Mancilla Mulato,,Harrinson Mancilla
3426,Jorge,Emanuel,Broun,,Jorge Broun
246218,Tobías,Joel,Zárate,,Tobías Zárate
186209,Fernando,Pedro,Cosciuc,,Fernando Cosciuc
44574,Marco,Gastón,Ruben,,Marco Ruben
195166,Joan,David,Mazzaco,,Joan Mazzaco
226878,Francisco,Sebastián,Ramírez,,Sebastián Ramírez
87526,Tomás,Gustavo,Andrade,,Tomás Andrade
246175,Francisco,,Gerometta,,Francisco Gerometta
206048,Enzo,,Cabrera,,Enzo Cabrera
532,Javier,Alejandro,Mascherano,Javier Mascherano,Javier Mascherano
19306,Martín,,Cauteruccio,Martín Cauteruccio,Martín Cauteruccio
162738,Lucas,Ariel,Rodríguez,Lucas Rodríguez,Lucas Rodríguez
17050,Fernando,,Monetti,,Fernando Monetti
245620,Agustín,,Hausch,,Agustín Hausch
90030,Rafael,,García Casanova,,Rafael García
55174,Diego,,Osella,,Diego Osella
66546,Rodrigo,Francisco Jesús,Rey,,Rodrigo Rey
45401,Danilo,Fabián,Ortiz Soto,Danilo Ortiz,Danilo Ortiz
158495,Lautaro,Gabriel,Torres,,Lautaro Torres
68988,Nery,Francisco,Leyes,,Nery Leyes
60773,Oliver,Paz,Benítez,,Oliver Benítez
113696,Federico,,Vietto,,Federico Vietto
126556,Facundo,,Altamirano,,Facundo Altamirano
226875,Juan,Manuel,Cruz,,Juan Manuel Cruz
98007,Eugenio,Horacio,Isnaldo,,Eugenio Isnaldo
246318,Favio,,Cabral,,Favio Cabral
246317,Tomás,,Escalante,,Tomás Escalante
246315,Matías,,Barrios,,Matías Barrios
49,Pablo,Daniel,De Muner,,Pablo De Muner
245621,Gonzalo,,Álvez,,Gonzalo Álvez
246323,Tiago,Nahuel,Banega,,Tiago Banega
96440,Leonel,Ariel,Miranda,,Leonel Miranda
246324,Carlos,Jonas,Alcaraz,,Carlos Alcaraz
57586,Gustavo,Ariel,Toledo,,Gustavo Toledo
227383,Camilo,Hernán,Albornoz,,Camilo Albornoz
81286,Guillermo,Matías,Fernández,,Guillermo Fernández
84739,Braian,Ezequiel,Romero,,Braian Romero
208757,Sergio,Damián,Barreto,,Sergio Barreto
170131,Manuel,,Roffo,,Manuel Roffo
76105,Leonardo,Rafael,Jara,Leonardo Jara,Leonardo Jara
1301,Miguel,Ángel,Russo,,Miguel Ángel Russo
87323,Ricardo,Adrián,Centurión,,Ricardo Centurión
246588,Ezequiel,,Navarro,,Ezequiel Navarro
147666,Cristian,Marcelo,González Tassano,,Cristian González
57181,Marcelo,Javier,Cabrera Rivero,,Javier Cabrera
191189,Jorge,,Zules Caicedo,,Jorge Zules
40181,Nicolás,Diego,Aguirre,,Nicolás Aguirre
176367,Adonis,Uriel,Frías,,Adonis Frías
175890,Kevin,,Mac Allister,,Kevin Mac Allister
162790,Dany,José,Cure Correa,,Dany Cure
226847,Matías,Damián,Pérez,,Matías Pérez
8670,Guillermo,Enio,Burdisso,,Guillermo Burdisso
75975,Christian,Andrés,Almeida Rodríguez,,Christian Almeida
18417,Lucas,Ezequiel,Viatri,,Lucas Viatri
86763,Brian,Leonel,Fernández,,Brian Fernández
205469,Emanuel,Gustavo,Coronel,,Emanuel Coronel
36700,Fabián,Ramón,Bordagaray,,Fabián Bordagaray
225457,Gastón,Luciano,Ávila,,Gastón Ávila
165669,Guilherme,,Parede Pinheiro,Guilherme Parede,
36082,Rafael,Enrique,Pérez Almeida,,Rafael Pérez
107509,Fernando,David,Luna,,Fernando Luna
245600,Mariano,,Peralta Bauer,,Mariano Peralta Bauer
95425,Rodrigo,Nicolás,Contreras,Rodrigo Contreras,
135227,Mario,,López Quintana,,Mario López
69858,Jonatan,Sebastián,Galván,,Jonatan Galván
86216,Edison,Mauricio,Duarte Barajas,,Mauricio Duarte
57453,Matías,Alejandro,Laba,,Matías Laba
157904,Agustín,,Doffo,,Agustín Doffo
15080,Matías,Gustavo,Alustiza,,Matías Alustiza
246454,Marcos,Nahuel,Enrique,,Marcos Enrique
245930,Thomas,Sebastián,Ortega,,Thomas Ortega
96440,Leonel,,Miranda,,Leonel Miranda
120656,Alberto,Sebastián,Assís Silva,,Sebastián Assís
103961,Rodrigo,Emanuel,Cecchini,,Emanuel Cecchini
193295,Mauro,,Luna Diale,,Mauro Luna Diale
147292,Gastón,,Gómez,,Gastón Gómez
245677,Juan,José,Cáceres,,Juan José Cáceres
247146,Santiago,,Hezze,,Santiago Hezze
94225,Joaquín,Marcelo,Laso,,Joaquín Laso
248044,Sebastián,,Cocimano,,Sebastián Cocimano
3063,Pablo,Daniel,Osvaldo,Daniel Osvaldo,
40276,Faustino,Marcos Alberto,Rojo,Marcos Rojo,Marcos Rojo
39296,Mauro,Alberto,Díaz,,Mauro Díaz
69206,Wilder,José,Cartagena Mendoza,,Wilder Cartagena
30030,Ricardo,Gabriel,Álvarez,,Ricardo Álvarez
195283,Luciano,Gastón,Pizarro,,Luciano Pizarro
4605,Ignacio,,Piatti,,Ignacio Piatti
148046,Juan,Antonio,Di Lorenzo,,Juan Di Lorenzo
214197,Ramiro,,Ruiz Rodríguez,,Ramiro Ruiz Rodríguez
248530,Nicolás,,Laméndola,,Nicolás Laméndola
248529,Hernán,,Rosales,,Hernán Rosales
193562,Jonás,Samuel,Romero,,Jonás Romero
135825,Nicolás,Jorge,Morgantini,,Nicolás Morgantini
34503,Carlos,Augusto,Zambrano Ochandarte,,Carlos Zambrano
245931,Ezequiel,,Cañete,,Ezequiel Cañete
219899,Joaquín,,Blázquez,,Joaquín Blázquez
225492,Rafael,,Ferrario,,Rafael Ferrario
170101,Benjamín,Antonio,Garré,,Benjamín Garré
248649,Manuel,,Llano Massa,,Manuel Llano
207991,Alexis,Francisco,Flores,,Francisco Flores
245619,Alexis,,Sabella,,Alexis Sabella
598,Leandro,Atilio,Romagnoli,,Leandro Romagnoli
23256,Hugo,,Tocalli,,Hugo Tocalli
31479,Alberto,Federico,Acosta,,Alberto Acosta
4854,Federico,Andrés,Martínez Berroa,,Federico Martínez
199915,Mateo,,Coronel,,Mateo Coronel
77802,Francisco,Andrés,Pizzini,,Francisco Pizzini
105087,Mauricio,Leonel,Martínez,,Mauricio Martínez
226873,Mauricio,,Guzmán,,Mauricio Guzmán
691,Leandro,,Desábato,,Leandro Desábato
